{"cameraMode":{"drawMode":0,"name":"Shaded","section":"Shading Mode"},"sceneLighting":true,"audioPlay":false,"sceneViewState":{"showFog":true,"showMaterialUpdate":false,"showSkybox":true,"showFlares":true,"showImageEffects":true,"showParticleSystems":true},"in2DMode":false,"pivot":{"x":-8.779683113098145,"y":-3.1345624923706056,"z":-11.137422561645508},"rotation":{"x":-0.07981625199317932,"y":0.8825027942657471,"z":-0.16223949193954469,"w":-0.4341620206832886},"size":28.975048065185548,"orthographic":false}